Name,Age,DOB,DOJ,Company,Designation,Location,Salary
Lori Jordan,52,1988-07-19,2019-01-27,"Gonzalez, Duncan and Gonzalez",Consultant,Port Thomas,129668
Jaime White,53,1986-11-12,2022-11-28,Russell Inc,Software Engineer,Morrowside,139963
Rebecca Sutton,26,1968-05-31,2017-10-05,"Day, Brown and Miller",Data Engineer,New Brittany,56159
Aaron Evans,58,1982-05-15,2017-04-12,Perkins-Mathews,Consultant,Gibsonfort,125651
Kimberly Ellis,44,1987-01-18,2021-02-20,"Gonzalez, Mills and Gillespie",Data Engineer,Port Belindaville,39455
Kimberly Johnson,39,1978-07-05,2024-09-22,"Baker, May and Bailey",Data Analyst,Vaughanberg,103399
Debra Ibarra,43,1991-09-30,2017-10-30,Crawford Ltd,Software Engineer,Port Ronald,51425
Michelle Garner,60,1995-09-26,2021-11-29,Peters-Hammond,Architect,Hoganport,144734
Veronica Middleton,23,1977-04-29,2016-09-16,"Cook, Collins and Torres",Software Engineer,Amberport,60285
Judith Williams,54,1977-07-18,2021-02-16,Mccarthy-Williams,Data Analyst,South Kimberlychester,78140
Rachel Hayes,49,1969-09-01,2017-12-03,Scott Inc,Architect,North Henry,77360
Bethany Norris,44,1994-05-04,2025-04-21,"Fitzgerald, Burch and Orozco",Data Engineer,East Carly,93991
Suzanne Phillips,41,1983-05-14,2023-07-28,Fernandez and Sons,Software Engineer,Lake Jennifer,105387
Angela Tran,41,2002-09-12,2016-09-08,"Carlson, Burke and Marshall",Manager,Robertahaven,68451
Natalie Conner,36,1992-07-05,2020-12-07,Love-Martin,Consultant,South Whitneymouth,42779
William Scott,33,1991-12-16,2016-10-06,Flowers and Sons,Software Engineer,New Nathanfort,144539
Alexander Harris,54,1972-08-30,2021-01-11,"Ellis, Fisher and Watts",Manager,Tinaview,142229
Lisa Rodriguez,40,1987-06-27,2016-04-06,Jackson-Singleton,Manager,Kimberlyshire,124677
Stephen Lopez,53,1977-08-21,2023-07-19,Moore-Smith,Manager,Juliabury,67882
Eric Ballard,50,1967-05-16,2020-02-11,Collier-Valenzuela,Data Engineer,South Norman,108450
Nicole Scott,43,1971-04-25,2021-10-21,Jones Group,Data Engineer,Gordonfurt,100291
Rhonda Castillo,40,1997-03-07,2017-01-23,"Clark, Bass and Dawson",Data Engineer,North Kennethside,84445
Brittany Williams,30,1988-01-03,2015-12-18,"Wallace, Caldwell and Garcia",Architect,Ashleymouth,61870
Sarah Clark,30,1984-06-19,2020-06-24,Rodriguez LLC,Data Analyst,North Stephanie,65242
Adam Gilbert,23,1965-12-26,2024-11-27,Peters-Rodriguez,Consultant,Moraleschester,49526
Donald Garcia,38,1968-09-03,2024-04-07,"Johnson, Bailey and Cox",Data Engineer,Kevinstad,122801
Abigail Thomas,38,1983-07-01,2018-01-01,Wilcox Inc,Architect,South Laura,58781
Joseph Campos,27,1995-06-19,2021-01-18,"Smith, Carson and Johnston",Manager,New Nicole,32051
Sonya Bell,47,1984-04-26,2017-01-29,Bryant PLC,Manager,New Stephanie,138883
Daniel Jones,53,1987-10-29,2018-06-21,"Wilcox, Schaefer and Miller",Architect,East Matthewtown,49786
Michael Merritt,38,1990-01-02,2019-10-10,Wyatt Inc,Data Engineer,Jacquelineville,142370
Peter Collins,47,1989-07-06,2022-11-23,Adams Group,Architect,New Rachel,69022
Nicole Matthews,32,1995-03-24,2015-09-29,Richardson-Gilbert,Software Engineer,Christopherfurt,70832
Kimberly Bridges,24,1984-11-09,2024-02-12,Lang-Robinson,Manager,New Christopher,78015
Jason Howard,23,1992-06-15,2017-12-28,Miller-Johnson,Consultant,Port Andrew,37641
Brian Lopez,27,1996-06-22,2020-03-31,White PLC,Data Engineer,Castillobury,133125
John Lee,37,1985-11-14,2022-03-23,Harrison Ltd,Data Analyst,New Derrickstad,105157
Donna Clark,29,1971-05-10,2016-09-20,"Wallace, Cannon and Garrison",Data Engineer,Codyfurt,145950
Shelly Perkins,30,1976-02-29,2017-01-03,Conley-Bell,Data Analyst,Levymouth,127512
Katie Dickson,29,1997-09-15,2020-01-07,Wright-Jennings,Architect,Lake Adam,85447
Elizabeth Dixon,32,1968-12-19,2017-09-11,Mason-Brown,Manager,Thomastown,147481
Sarah Ellison,41,1992-08-15,2016-03-01,Shepherd Inc,Architect,Taraberg,122875
Shane Green,26,1981-04-22,2016-04-03,"Jones, Fritz and Morris",Consultant,Johnton,78320
Donald Martinez,22,1984-04-09,2015-09-14,"Moreno, Riggs and Scott",Data Analyst,East Ashleyview,58292
Alison Ali,26,1982-05-01,2023-07-29,Oneal PLC,Manager,Saraberg,52199
Erin Villa,51,1964-09-15,2024-04-01,"Kidd, Richardson and Lee",Manager,New Adamchester,147661
Sheila Peters,40,1980-07-07,2025-07-28,"Meyer, Long and Harrison",Manager,North Brittany,52941
Jasmine Case,58,1972-03-05,2019-06-19,Reed-Johnson,Data Analyst,Garciahaven,56108
Anna Dyer,46,1982-02-04,2018-08-10,"Gray, Rhodes and Steele",Consultant,Wheelertown,87353
Paul Long,52,1998-07-13,2023-11-10,"Malone, Martinez and Evans",Manager,North Courtneymouth,39029
Danielle Wall,51,1984-08-30,2018-03-02,Ward and Sons,Manager,New Lindaborough,95883
Charles Carey,49,2003-05-13,2022-03-28,Johnson PLC,Data Engineer,New Aimee,87680
Stephanie Martinez,22,2000-08-10,2019-06-19,"Howard, Arnold and Montoya",Manager,Jasminefort,31879
Jennifer Smith MD,49,1979-03-05,2015-10-10,Reynolds LLC,Manager,South Jennachester,40117
Michael Herrera,55,1966-04-22,2020-05-20,Ford and Sons,Data Engineer,Wilsonburgh,119232
Kayla Turner,28,1986-03-22,2019-03-25,Berry-Diaz,Data Analyst,Grayfurt,123164
Laura Fuentes,34,1992-04-30,2024-02-10,"Myers, Murphy and Parsons",Data Analyst,Joshuaburgh,76081
Laura Casey,54,2000-10-20,2025-04-27,Taylor LLC,Data Analyst,Heatherville,83817
Daniel Dunn,44,1996-10-08,2021-06-25,Mccullough-Martinez,Software Engineer,North Gina,102851
Tara Moore,38,1990-12-11,2018-02-03,Norris and Sons,Architect,Chelseaberg,62921
Heidi Mcgee,37,1970-08-18,2016-08-06,"Walker, Morse and Thompson",Data Engineer,Lake Nicholasmouth,105745
Morgan Moore,37,1992-02-13,2019-08-08,Lewis PLC,Software Engineer,New Lindatown,47274
Eileen Roberson,54,1979-07-14,2016-01-05,"Arnold, Hicks and Alexander",Architect,Greenborough,97485
Lindsay Scott,49,1987-06-22,2016-11-05,Salazar-Davis,Consultant,North Madison,86658
Kristine Lane,38,1971-03-23,2022-07-18,Anderson-Ortiz,Consultant,Lake Jasonville,51048
Timothy Blake,28,2000-05-24,2020-09-02,Arellano Ltd,Architect,Vaughnport,44631
Joseph Jones,35,1979-07-18,2021-06-08,"Brown, Patterson and Watson",Manager,Lake Robertside,140783
Joshua Perez,43,1974-03-21,2024-07-14,Barker-Copeland,Architect,South Michaelside,132815
Ana King,58,1991-02-07,2018-05-14,Mcclain-Smith,Data Engineer,Jennifertown,149770
Marc Herrera,44,1978-11-24,2021-03-27,"Boyd, Hayes and Barnett",Data Engineer,North Matthewborough,104946
Robin Ruiz,48,1986-11-12,2024-11-12,Cruz-Wolf,Manager,Hobbsfurt,110437
Edward Cabrera,30,1982-06-26,2021-07-15,Simmons-Mccarty,Software Engineer,North Matthew,79360
Matthew Beard,23,1983-10-07,2023-03-18,"Jackson, Brock and Bryan",Data Analyst,South Stephen,43641
David Mccoy,40,1995-03-12,2022-11-25,"Moore, Mcbride and Potter",Data Analyst,Daniellebury,115249
Michael Williams,46,1999-05-10,2018-06-04,Donaldson PLC,Consultant,Richardburgh,100901
Stephen Rivera,44,1967-10-22,2025-02-06,Clark LLC,Data Engineer,North Stacy,112041
Jon Diaz,30,1966-12-07,2019-03-28,Freeman-Mullins,Software Engineer,East George,77325
Joel Sloan,36,1987-08-11,2025-04-30,Estes PLC,Consultant,West Kim,96738
Kristen Campbell,49,1968-06-09,2025-07-06,Mueller-Bryant,Data Analyst,South Kelly,102260
Nicole Barnes,36,1992-01-08,2020-05-11,Edwards-Davis,Consultant,Hannahburgh,137986
Daniel Tucker,51,1974-03-24,2016-11-03,"Lyons, Rodriguez and Vasquez",Software Engineer,Hollyside,141789
Deanna Torres,38,1988-06-16,2018-11-29,Franco Group,Consultant,Kylechester,89253
David Hudson,29,1969-12-27,2021-01-01,"Smith, Walters and Knight",Consultant,South Jay,133426
James Holland,40,1990-05-23,2025-03-20,"Adams, Kent and Berger",Software Engineer,North Frankchester,65981
Stacey Butler,39,1965-01-27,2020-08-18,"Green, Kim and Crawford",Software Engineer,Josephfort,80556
Lauren Burgess,56,1991-04-07,2017-03-03,"Gallagher, Combs and Carroll",Architect,New Elizabeth,36595
Cheryl Curtis,23,1995-01-28,2023-11-05,Ramirez Ltd,Data Analyst,West Kurt,41984
John Benson,47,1980-09-16,2022-02-26,"Thompson, Brown and Taylor",Software Engineer,Jackberg,49499
Kathryn Baker,24,1966-12-16,2022-12-17,Jackson-Long,Data Engineer,Cochranville,30843
Elizabeth Rhodes,57,1999-04-22,2025-07-20,Allen LLC,Architect,Lauraborough,100272
Katrina Harrington,58,1971-08-20,2017-06-17,Young Group,Consultant,East Michaelstad,67788
Eric Gilbert,51,1965-07-15,2021-10-27,"Simpson, Walker and Cohen",Architect,Lake Phillipport,37280
Adrienne Martin,56,1990-01-06,2015-10-03,"Watts, Flores and Jones",Data Analyst,East Lisa,113822
Brenda Gregory,59,1995-08-19,2019-04-27,Solis LLC,Software Engineer,New Tinaton,40906
Brenda Hoover,52,1998-05-05,2025-04-07,Martinez-Williams,Software Engineer,South Hannah,123968
Todd Palmer,31,1970-02-20,2023-05-21,Davis Group,Data Analyst,Port Whitneyfurt,120845
Karina Berry,26,1991-07-11,2017-06-19,Thomas-Hooper,Manager,East Jason,45105
Jennifer Wong,52,1986-03-01,2021-03-28,Gray Ltd,Data Engineer,Jeremymouth,45179
Angel Mendoza,42,1977-04-18,2021-05-18,Hall Ltd,Architect,Vincentborough,34755
Larry Young,34,1975-01-20,2017-05-09,"Evans, Fowler and Harris",Data Engineer,Anthonytown,55705
